[
    {
        "id": "5953b5d4dedcc",
        "nome": "Alfredy",
        "email": "fredy@gmail.com",
        "telefone": "1156151"
    },
    {
        "id": "5953b60c1aaca",
        "nome": "Batman",
        "email": "bat@gmail.com",
        "telefone": "(11) 998685325"
    },
    {
        "id": "5953b6336f322",
        "nome": "Jason Busca Almas",
        "email": "morte@gmail.com",
        "telefone": "(??) ??????????"
    },
    {
        "id": "5953b668a55f8",
        "nome": "Dead Master",
        "email": "brs@gmail.com",
        "telefone": "(51) 998752415"
    },
    {
        "id": "598b1a2ae2f1a",
        "nome": "Banana Power",
        "email": "banana@gmail.com",
        "telefone": "(81) 94425179"
    }
]